C21_ACTOCC1564_CS2;C21_ACTOCC1564_CS3;C21_ACTOCC1564_CS5;C21_ACTOCC1564_CS6;AAV2020
12940.2;40178.6;58402.4;40785.2;GEN
15.1249;20.126;9.5294;54.2939;CHA
160105;143473;450325;477257;0
2274.99;4210.04;11402.5;5386.47;MON
2474.42;8912.65;13120.8;13820.7;BAL
336.468;1093.03;1771.33;1118.85;LAU
5767.77;17952.2;42516.3;31555.5;LUX
604.551;1385.94;3949.16;4314.57;SAR
94760.6;682204;329915;138877;
SUM_CS2;SUM_CS3;SUM_CS5;SUM_CS6;AAV2020
258320;1.3148e+06;1.2559e+06;698180;1
53539;161953;185402;133519;2
33197.3;90655.4;109520;62788;3
31080.3;146923;162200;109382;4
41862.5;187168;156040;91258;5
46405.8;139532;158340;97791.2;6
27012.3;117336;109566;76938.1;8
1000.36;921.708;5370.8;3419.44;9D5
10618.4;14849.6;42572.2;21461.4;9B1
1096.87;1722.17;5285.33;2273.14;9A2
11814.9;12768.4;33878.1;17027.4;9A1
120.602;55.8032;535.348;494.473;9D7
136.314;84.2867;665.063;601.102;9B2
202.672;215.49;747.878;370.428;9A3
3860.99;6703.99;15397.7;8232.29;9C1
417.983;974.997;2665.1;2773.75;9C2
456.212;1273.95;2844.61;1625.29;9C3
4568.94;8700.42;17737.8;10472.6;9D4
462.739;322.644;3342.25;2401.22;9D3
6011.78;6928.87;23409;12511.8;9D2
7198.76;15250.4;34697.8;16632;9D1
93.08;68.6377;654.84;669.681;9B3
993.727;818.055;5017.19;2979.82;9D6
20499;79703.8;93681.2;73616.6;10
28247.4;75624.7;84282.5;44527.1;12
18350.7;81777.5;84178.9;61481.5;13
18859.5;80691.5;74507;47619;14
14745.8;50626.1;77191.5;60088.8;15
23446.9;48120;74533.8;37349.9;17
19775.9;32483.2;69484.7;34181.1;18
12926.3;39944.4;58569.6;40449.7;19
11107.6;38962.8;58074.1;35482.7;20
12987.8;42891.2;54997.3;39326.5;22
13211.4;28464.4;51800.3;43931.4;23
12182.5;33360.6;53602.3;39443.1;24
10638.5;36932.5;50182.4;41109.7;25
11482.7;34172.1;49543.1;38169.9;26
10432.2;33248.4;46492.9;33859.4;28
9059.03;22976.5;43749.4;41858.5;29
14100.2;17006.4;44147.7;27095.3;30
17856.8;32107.2;43845.7;22803.3;31
8264.31;29929.6;42609.1;28532.5;32
8570.09;29816.1;44351.8;30098.1;33
7832.31;21979.8;42119.8;33677.4;34
6717.71;23387;39065.9;29918.4;35
8600.11;26247;39134.3;29019.7;36
11267.4;18779.6;39388.6;23468;37
5684.32;15635.2;33885.6;32067.5;38
5924.06;16962.1;36357.3;30742.9;39
11961.4;20399.6;35516.7;26339.2;40
8128.66;19543;35301.1;25099.3;41
5123.49;10212.9;35720.5;33393.7;42
10771.1;28584;33323.2;25744.5;43
8315.75;20712;31239.4;20408.9;44
6909.63;21668.6;31187.1;22676.1;45
6517.18;21003.9;35211.7;19512.8;46
11586.6;18983.2;33880;20742.7;47
4583.17;11085.9;28406.9;25279.3;48
7628.63;17638.9;27843;22022.3;49
7937.79;21416.6;28357.6;20431.8;50
8690.45;16734.1;27088.4;17464;51
7270.07;13444;24844.6;21385.3;52
6604.74;13539.6;24380.3;19427.5;53
5231.17;11083.2;24164.2;19548.1;54
5915;12716.7;23132.7;21303.3;55
5651.42;10753.4;22128.9;18558.5;56
6586.29;13622.6;22930.5;16224.5;57
5084.13;12739.3;23412;21079.1;58
3315.67;7872.96;21480.9;19838.8;59
6968.73;7247.23;20784.3;13555.8;60
3517.84;8094.78;16482.6;21209.4;61
4924.6;10388.4;20709.9;15619.8;62
4488.85;14164.4;22131.8;15321.7;63
3835.06;9929.21;20499.3;14941.3;64
3877.14;11818.7;19393.7;16306.5;65
4398.33;8884.45;20303;19687.2;66
4484.13;8431.17;17903.5;24761.6;67
3495.19;6787.54;18610.4;16410.9;68
3183.02;11348.3;17521.8;13703;69
4274.04;7883.03;17098.8;15788.8;70
2980.45;9867.1;18414.9;14841.3;71
5390.18;5676.84;15716.5;11046.2;72
2719.12;5114.92;17994.2;13765.7;73
3747.86;8934.47;15522.8;12908.2;74
3270.58;8171.42;15819.5;16376.3;75
3406.37;7414.45;15875.4;14686.4;76
2125.87;3912.22;14097.6;13630;77
3180.98;10777.8;14731.6;12972.1;78
4205.43;5961.93;15049.7;13626;79
4078.67;7301.75;15418.8;14271.1;80
4276.22;7376.53;16485.2;11481.3;81
4337.92;7117.6;14968.7;9472.89;82
3067.91;7810.31;16048.9;13047.2;83
4290.27;7464.38;15500.3;14773.3;84
3889.43;6090.66;16722.2;10111.7;85
2950.91;9979.25;13664.6;11583.9;86
4376.71;6431.25;15218.9;12231.8;87
5093.04;7233.06;15678.1;10560.5;88
4881.38;4244.85;13405.1;9053.8;89
2750.16;4855.41;14177.2;12415.7;90
4127.47;5295.04;15174.5;8334.29;91
5698.08;5880.97;14292.2;7531.14;92
3749.12;6592.77;14501.8;10134.8;93
2199.39;4778.8;12449.3;11432.1;94
3142.55;5877.44;13706.1;11005;95
2685.18;4412.37;12664.8;13815.7;96
2327.48;5060.27;12105.4;9713.62;97
4227.58;5979.61;16822.3;8730.86;98
2626.1;5063.28;13196.7;10557.7;100
3748.33;5755.8;14469.1;9322.94;101
2884.5;5420.19;12780;10560.1;102
3796.12;6056.5;12173.7;9385.75;103
4828.91;4997.49;14713;8551.87;104
3683.21;4508.76;12193;8485.27;105
2692.43;4814.74;13026.3;9300.25;106
3133.91;5255.48;10363.7;9097.77;107
1969.56;4078.15;9562.19;9656.11;108
2103.18;3276.6;10530.7;7476.76;109
2588.73;3715.68;9487.41;8199.62;110
3210.57;3910.86;10913.4;8781.45;111
1845.47;4516.4;10651.4;8191.52;112
2716.27;5513.11;8038.75;5843.55;113
2078.17;3483.01;9104.3;8356.73;114
2666.9;3522.99;10029.7;6890.14;115
1927.5;3425.08;9038.66;7330.9;116
1864.63;3034.63;8093.5;8967.32;117
2103.79;3753.21;8868.48;8319.39;118
2809.9;3679.98;9721.34;5767.05;119
2772.14;3920.67;9273.16;6744.78;120
1607.46;3612.03;8726.27;8876.24;121
1707.68;3021.29;9410.38;6819.46;122
2544.39;3263.15;9630.8;6806.37;123
1994.56;3256.1;8779.91;8798.83;124
1561.67;4157.08;8848.43;6606.26;125
3419.35;3531.88;9373.2;5171.52;126
1764.29;4580.6;10276.8;9705.22;127
1661.23;3160.47;7690.33;7305.87;128
2792.04;2477.67;7971.38;5845.87;129
1826.22;3135.47;7498.02;6634.39;130
3267.57;2302.78;7253.96;4198.37;131
2008.98;3279.68;7670.63;7490.9;132
1966.29;2924.44;7469.9;7379.25;133
1807.5;3281.39;7552.33;6908.98;134
1917.86;5690.89;7669.9;5142.95;135
1214.42;2723.84;7540.08;6386.41;136
2532.28;4499.53;6740.68;5205.46;137
1653.91;2516.7;7246.81;7426.52;138
3006.71;3354.13;7373.66;5342.1;139
2121.11;2903.82;8864.55;5519.11;140
2153.25;3456.27;6878.43;6296.84;141
1796.45;2396.57;6444.71;6519.59;142
2653.73;2672.59;7498.72;4808.49;143
1464.83;3517.16;5915.39;7341.14;144
1961.76;3295.13;7377.04;4947.5;145
1230.05;1991.53;7359.78;6117.75;146
1809.16;2635.43;6407.09;7343.8;147
2786.84;2584.51;6201.38;5383.14;148
1868.67;2883.55;6548.48;5409.48;149
2077.89;3140.72;5962.13;4411.34;150
1912.97;4064.67;7918.18;5968.65;151
1647.67;2926.65;5972.6;7002.37;152
2117.89;2873.11;6507.87;4236.39;153
1962.51;1815.48;5994.98;5061.33;154
1164.22;2115.63;4856.53;5685.45;155
882.227;1329.54;6122.57;6889.14;156
1441.15;2626.54;5650.96;6873.92;157
1359.64;4010.21;6144.75;6843.21;158
1816.5;2727.55;5856.98;5345.28;159
1185.49;2423.33;7269.39;5886.54;160
1652.3;2505.44;5850.07;6744.54;161
1685.82;2074.93;6591.32;6028.27;162
1893.17;2383.65;5342.48;8964.23;163
1291.6;2023.41;6229.11;5522.92;164
1966.13;2427.46;6249.2;4568.2;165
2552.22;1528.65;5225.85;2826.5;166
1877.21;2752.84;6226.38;6242.58;167
1598.31;2220.67;4406.43;8065.81;168
1355.42;2711.3;5823.99;7975.66;169
1152.12;2173.2;6340.82;6304.1;170
1242.42;1664.37;5090.14;6404.46;171
1314.13;1923.69;5113.67;6179.04;172
1321.1;2303.25;5426.13;9129.57;173
2135.46;2846.67;5576.75;5607.04;174
1570.49;1777.37;5450.01;5271.78;175
1013.88;1479.7;5053.47;4722.22;176
1125.32;2077.47;5236.53;5026.69;177
1029.84;2127.57;4973.61;5311.21;178
1246.21;1911.62;5650.64;3677.52;179
1771.02;1682.13;5453.66;6269.21;180
1204.47;2138.45;5578.5;7088.48;181
1222.77;2508.1;5008.89;4462.09;182
992.486;1902.82;4735.52;4300.32;183
841.455;1771.75;6535.15;6200.63;184
1327.78;2619.35;4276.72;3949.64;185
1583.33;1986.05;5027.58;3721.26;186
1552.98;2542.55;5420.23;4756.52;187
1377.76;1988.49;4731.86;5497.11;188
1313;1741.28;4340.85;6920.05;189
1446.67;2260.86;4151.85;4194.62;190
905.749;1584.47;4447.68;8192.49;191
1774.07;1609.75;4646.01;4502.22;192
1056.43;1756.27;5876.59;4417.69;193
1257.66;1730.79;5443.99;5075.47;194
1518.74;1635.82;4976.15;3266.99;195
1036.89;1653.6;4052.72;4667.4;196
737.333;1448.93;4359.69;4360.88;197
1144.2;1424.4;4436.23;5886.45;198
1505.38;1891.54;5990.45;3641.9;199
1275.11;2041.04;4104.28;2371.29;200
1664.25;2061.53;3891.53;4442.11;201
1392.03;2457.61;4710.94;7250.56;202
1413.58;1363.74;4660.13;4605.74;203
1057.33;1367.18;4684.34;4749.94;204
1448.12;1670.81;4287.41;4191.91;205
1082.95;1530.78;5322.38;3049.57;206
1036.86;1431.87;4309.43;4940.69;207
880.479;1278.92;4080.57;3727.33;208
952.966;1644.32;4312.11;4414.25;209
1305.52;1711.32;4376.04;3995.75;210
1437.78;2116.59;4120.96;1947.43;211
1251.17;1326.27;4859.22;7046.84;212
1524.31;1396.86;4032.35;3121.79;213
1131.69;1585.89;3725.93;3909.44;214
995.829;1293.35;3934.94;3621.46;215
756.154;1006.47;3808.19;3955.64;216
908.304;1100.37;3885.28;5285.28;217
763.765;1097.57;3668.01;4211.67;218
811.859;1312.27;3670.34;4428.82;219
817.68;1232.16;3781.31;3364.18;220
632.329;832.543;4067.34;3903.34;221
1061.14;1172;3454.69;3224.36;222
778.239;1109.43;3552.65;3607.68;223
1269.33;1457.4;4189.17;3108.36;224
1192.19;1051.52;3401.82;4017.27;225
1257.03;1940.66;3413.42;2940.6;226
827.502;1125.01;3252.59;5080.37;227
842.136;1044.77;3470;4722.19;228
630.761;749.549;3269.48;5322.07;229
1028.7;1226.22;3542.26;3312.48;230
1547.01;2004.42;3602.75;2724.08;231
641.285;835.219;3220.49;3906.51;232
1884.85;1053.2;3473.32;2609.29;233
911.347;1463.34;3479.25;3499.58;234
891.289;1172.95;3825.99;2235.37;235
753.981;1381.98;3719.81;3364.11;236
963.331;1338.68;3473.2;4110.34;237
1683.1;1383.01;3953.33;2356.35;238
994.242;1270.03;3117.52;2832.23;239
952.882;1319.13;3342.63;3475.37;240
894.234;967.324;3315.42;3514.18;241
604.407;969.621;3216.48;3482.48;242
746.713;1797.68;3625.63;3627.04;243
874.927;1281.3;3109.31;4229.7;244
1179.62;1126.76;2980.61;2421.27;245
674.999;625.483;2777.28;4831.32;246
965.058;1248.12;3431.49;2505.31;247
810.076;896.48;2617.81;3709.23;248
1369.63;2138.84;4101.99;3334.16;249
571.603;954.227;3587.05;3697.74;250
1070.19;1536.15;3567.54;1854.68;251
702.659;941.683;2964.54;3741.52;252
911.89;1158.13;3094.56;2891.51;253
827.823;939.307;3049;2648.07;254
970.417;1134.81;3100.92;3747.05;255
321.459;747.65;3204.55;3031.05;256
750.88;1128.35;2981.36;2720.68;257
754.073;891.177;3148.15;4927.63;258
712.643;891.655;2924.75;3262.29;259
714.046;972.377;2826.16;3476.66;260
1199.75;1847.46;3492.28;2471.75;261
718.539;843;2825.49;2774.17;262
573.463;829.756;2709.31;2878.02;263
531.585;723.593;2945.77;2978.21;264
944.044;1136.23;3160.71;2657.64;265
1106.74;1185.67;3309.21;2161.62;266
779.41;1326.16;3134.98;2253.66;267
820.956;1230.63;3820.45;2348.48;268
535.727;754.393;2748.41;2962.48;269
537.293;848.279;2743.83;3568.57;270
935.764;1048.62;2508.52;2769.32;271
669.1;1030.06;3019.47;2766.14;272
434.152;969.899;2801.26;2515.12;273
578.303;1245.69;2805.22;2630.01;274
1255.59;845.415;2443.92;1766.98;275
624.538;743.314;2838.52;3091.89;276
552.534;725.112;2469.88;2762.83;277
761.81;1352.1;3369.42;2009.61;278
786.528;749.939;2690.44;2411.65;279
457.555;748.526;2418.78;3165.23;280
852.591;1345.67;2868.35;1662.82;281
843.754;827.244;2903.88;2090.39;282
378.935;571.801;2662.59;2739.6;283
940.441;844.391;2729.11;1692.57;284
821.706;995.558;2918;2677.13;285
738.897;1128.22;2634.64;2910.17;286
403.793;565.632;2074.02;2411.45;287
648.299;906.847;2567.71;2887.96;288
595.753;725.716;2975.64;2924.82;289
1135.07;1093.43;3053.9;1669.28;290
585.355;979.159;2595.32;2671.76;291
887.432;834.613;2201.78;1932.69;292
492.27;727.007;2257.72;3008.24;293
706.604;837.796;2552.89;2014.21;294
724.185;1102.61;2566.16;2454.97;295
628.115;1064.89;2427.16;2237.3;296
561.737;637.831;2409.96;2750.09;297
1572.35;773.426;2959.1;1943.72;298
601.206;1183.25;2552.8;2490.27;299
572.383;647.094;2575.67;2164.76;300
1029.19;1033.79;3029.33;2195.67;301
1434.83;1305.95;2255.18;1176.65;302
329.745;771.76;2379.78;2375.85;303
1031.62;1363.18;2316.72;1659.65;304
623.316;582.951;2076.53;2530.26;305
882.987;1138.63;2228.02;1469.58;306
629.027;736.485;2310.23;2547.77;307
310.277;398.018;2122.61;2446.2;308
472.268;722.128;2587.74;2153.74;309
645.033;953.751;2275.46;1908.68;310
663.497;563.906;2346.68;2324.76;311
666.81;609.911;2762.76;1504.29;312
514.058;966.224;2333.65;4303.11;313
850.153;560.145;2285.51;1328.76;314
505.936;742.399;2292.97;1935.37;315
1160.26;835.938;2107.86;1290.19;316
425.995;787.864;2708.21;2334.54;317
414.518;694.268;2187.43;2411.37;318
527.907;662.076;1647.39;2422.56;319
765.126;862.96;2080.67;2317.96;320
359.152;493.739;1804.33;3031.49;321
270.55;364.559;1963.91;2187.38;322
583.95;637.402;2307.45;2012.19;323
632.189;746.048;1919.52;2202.86;324
984.486;901.768;1733.84;1131.55;325
504.433;897.377;1918.03;1862.96;326
705.016;629.251;1947.77;1708.91;327
466.649;699.051;1770.68;2026.88;328
623.6;541.75;1827.21;1892.7;329
527.591;507.708;1775.45;1644.76;330
694.274;490.283;1938.95;2066.62;331
568.016;894.32;2287.05;2931.32;332
687.67;402.126;1846.11;2297.91;333
786.594;654.401;1663.59;1728.91;334
646.103;973.059;2009.05;2063.69;335
471.584;657.389;2069.23;1360.27;336
445.508;398.552;1569.82;3139.84;337
571.121;644.204;1912.17;2102.96;338
649.781;771.254;1858.19;1407.04;339
543.643;349.313;1788.07;1446.43;340
486.948;497.841;1647.25;1660.57;341
632.963;917.002;1716;1401.8;342
670.842;758.413;1682.09;1536.53;343
1169.7;791.202;2393.22;1908.03;344
736.674;693.577;1504.52;988.169;345
469.395;561.16;1662.76;1497.17;346
449.211;387.563;1696.61;2271.18;347
388.913;434.182;2009.79;1723.12;348
1234.36;746.041;1809.11;1246.25;349
635.977;754.595;1769.34;1497.67;350
432.839;429.383;1645.8;2054.72;351
620.076;907.818;2061.89;1404.82;352
485.486;647.78;2054.4;930.287;353
523.12;491.126;1790.47;1657.43;354
528.411;406.74;1801.84;1692.08;355
405.248;544.184;2158.41;1509.39;356
494.654;850.638;2396.27;2184.15;357
374.411;532.694;1789.49;2216.21;358
759.096;535.894;1504.21;1107.49;359
514.117;394.816;1610.59;1474.19;360
578.858;546.2;1573.3;1252.69;361
421.191;545.424;1830.56;2570.24;362
534.497;379.255;1454.58;880.373;363
434.969;895.986;1566.47;1587.72;364
399.818;563.766;1402.52;1798.11;365
414.631;389.829;1450.48;1937.29;366
489.565;416.23;1564.13;1589.86;367
337.799;772.767;1734.48;2160.6;368
476.597;633.743;1638.55;1380.09;369
302.488;329.731;1694.67;1264.73;370
1007.66;490.478;1572.34;881.435;371
276.116;344.057;1522.79;1593.88;372
379.118;419.83;1577.46;1759.37;373
371.895;571.642;1685.27;1708.13;374
436.506;702.454;1205;1874.43;375
433.364;613.264;1472.29;1088.67;376
488.579;351.065;1586.29;1335;377
317.659;275.143;1272.37;1385.2;378
445.077;464.123;1198.84;3117.64;379
298.819;365.062;1258.71;1514.7;380
310.241;432.401;1409.58;1496.37;381
422.446;451.695;1592.67;1229.38;382
382.168;366.533;1254.4;1273.63;383
990.584;887.147;1804.49;1152.6;384
409.524;203.975;1222.55;1283.28;385
481.341;314.145;1483.13;1397.17;386
392.826;448.531;1569.44;2720.2;387
605.739;416.779;1393.35;1225.48;388
224.768;409.021;1330.11;1607.72;389
563.65;659.21;1628.46;1648.71;390
355.422;624.944;1575.2;1253.93;391
434.608;672.68;1176.74;1475.55;392
423.856;438.577;1614.92;1246.59;393
499.824;936.605;1368.71;1051.47;394
490.957;562.795;1290.1;1077.43;395
360.793;451.815;1378.42;1288.11;396
388.856;373.62;1310.04;1714.18;397
383.245;461.2;1480.09;866.474;398
331.482;814.94;1460.01;1252.67;399
331.72;381.249;1435.16;1705.33;400
331.78;332.173;1398.6;1916.57;401
187.256;251.801;1360.62;1610.14;402
391.994;342.339;1152.78;1660.27;403
480.352;480.867;1521.96;1154.91;404
964.063;536.378;1813.53;1311.7;405
497.339;347.643;1113.95;1040.25;406
411.993;396.488;1162.78;1093.37;407
976.692;982.19;1887.56;840.187;408
186.035;338.782;1351.11;1543.26;409
566.602;421.69;1353.07;769.257;410
275.814;426.524;1072.34;2305.74;411
637.993;370.28;1126.1;901.823;412
229.945;536.305;1269.65;1503.52;413
460.781;613.719;1518.01;639.823;414
322.556;398.775;1209.64;1398.16;415
331.623;246.769;1319.49;1484.75;416
235.923;450.645;1212.44;1190.88;417
428.664;481.919;1368.27;1103.51;418
407.416;444.975;1288.74;978.292;419
449.414;593.215;1357.04;1384.11;420
431.228;468.838;1216.57;1067.17;421
333.526;442.509;1131.36;2062.89;422
551.315;370.734;1430.73;1587.73;423
216.924;364.831;1472.74;1428.78;424
426.315;329.53;1466.35;948.737;425
242.776;500.6;1344.15;1718.73;426
653.363;433.21;1530.7;834.17;427
372.542;432.723;967.988;1378.3;428
253.963;295.531;1076.02;1920.05;429
760.859;319.692;2362.64;702.735;430
283.191;923.614;1376.02;1293.16;431
598.523;464.343;1441.28;1169.08;432
393.333;447.359;1429.72;1809.42;433
453.042;404.003;1043.65;1478.77;434
346.756;380.309;1219.8;734.171;435
279.733;249.672;1120.94;1356.03;436
389.659;362.656;1144.86;1398.52;437
439.697;522.483;1917.6;1632.7;438
381.903;248.954;1373.23;1026.45;439
529.781;357.685;1253.06;1101.54;440
298.511;257.737;1113.79;1450.4;441
315.509;399.237;1071.25;1257.46;442
372.275;360.845;1343.28;665.696;443
401.589;305.68;974.981;630.689;444
291.833;205.29;1005.02;2054.05;445
360.066;620.738;1144.83;1090.95;446
236.412;226.238;901.191;1553.81;447
204.007;353.086;1278.9;1138.88;448
249.644;292.438;1132.96;1231.87;449
210.928;229.004;1078.3;1334.08;450
331.566;185.261;1186.69;1470.38;451
193.738;270.484;1139.35;996.503;452
532.631;274.166;962.108;627.031;453
134.557;215.478;2387.76;1103.94;454
435.18;314.722;1143.45;1039.03;455
424.911;524.112;1192.71;957.402;456
401.419;271.794;1061.73;1169.72;457
394.727;564.871;1119.64;650.238;458
628.812;703.908;897.39;688.801;459
265.377;416.713;1057.19;1279.04;460
169.642;260.33;1139.41;1267.63;461
282.143;277.917;1060.21;1304.28;462
411.521;354.064;1148.24;641.842;463
495.851;263.307;958.177;838.714;464
291.741;231.419;1273.14;975.485;465
172.797;139.206;833.233;1074.37;466
435.232;391.898;929.614;627.645;467
543.288;494.112;981.375;743.759;468
332.962;282.206;823.382;939.831;469
199.854;244.613;1274.69;1108.93;470
340.911;204.491;929.44;1207.94;471
194.535;233.457;1090.65;1183.01;472
222.139;255.722;956.57;1129.14;473
317.566;280.511;1076.97;1585.37;474
308.02;225.091;1021.54;1233.59;475
151.397;221.856;1076.25;1353.14;476
219.235;247.711;850.417;1633.54;477
243.263;245.641;979.292;1029.37;478
221.165;288.811;967.645;1108.56;479
206.712;310.818;1002.13;1190.73;480
219.888;346.67;953.58;1041.91;481
216.475;457.63;843.031;906.403;482
284.355;324.692;1050.12;961.592;483
265.843;257.488;950.738;1052.93;484
307.448;308.791;832.517;824.246;485
216.663;309.318;1139.56;744.613;486
177.604;285.698;1118.35;1023.21;487
277.765;193.592;952.697;917.455;488
225.741;430.863;874.475;1112.35;489
354.121;332.337;820.869;360.262;490
200.523;276.745;920.575;1182.47;491
656.094;317.225;960.898;419.332;492
274.877;187.899;965.653;1155.89;493
180.586;166.536;794.191;1186.04;494
601.927;347.975;1011.51;678.83;495
139.783;134.022;899.329;815.019;496
508.326;455.825;862.42;865.259;497
205.918;265.32;766.214;1271.67;498
266.276;275.594;781.905;1102.64;499
212.39;409.871;962.962;925.278;500
179.898;280.169;813.671;1255.06;501
343.347;305.458;905.82;977.675;502
313.343;290.372;803.147;885.449;503
238.714;726.529;892.954;583.958;504
234.073;548.763;867.356;1027.67;505
309.156;356.361;779.19;871.594;506
190.384;269.296;753.226;1019.61;507
209.72;135.803;693.195;907.46;508
173.786;200.307;971.808;878.974;509
277.873;504.555;943.499;898.093;510
226.796;197.721;909.725;652.382;511
193.551;177.511;799.371;1226.43;512
522.237;342.977;779.684;475.988;513
177.417;162.219;798.222;939.052;514
363.865;194.381;1041.68;689.591;515
333.573;287.166;939.514;665.234;516
176.867;258.072;1582.96;951.913;517
351.251;345.2;1004.89;593.827;518
278.668;304.465;807.935;607.157;519
252.45;456.357;1018.03;820.657;520
419.884;325.386;857.953;725.914;521
308.602;365.102;726.879;472.394;522
381.518;258.963;811.831;713.695;523
340.259;430.216;872.885;901.337;524
115.447;261.138;783.212;1239.02;525
331.295;274.182;940.18;1061.71;526
170.273;269.758;892.424;905.011;527
408.204;318.517;902.032;714.353;528
334.797;257.385;1007.51;454.199;529
209.65;300.993;816.305;893.579;530
249.086;178.503;672.574;956.048;531
337.246;181.318;772.606;875.49;532
176.579;144.704;889.864;845.599;533
174.323;168.153;890.406;934.098;534
202.162;220.661;784.127;722.401;535
350.449;317.108;1076.34;811.948;536
219.024;225.614;835.843;1166.85;537
368.321;281.72;859.275;809.601;538
156.52;308.603;748.043;669.573;539
476.017;240.459;851.249;600.815;540
157.362;174.892;749.044;968.062;541
319.841;204.547;650.18;769.513;542
262.217;232.659;633.972;865.795;543
166.101;298.485;758.215;972.18;544
212.29;264.841;747.034;969.475;545
235.288;168.243;688.179;680.747;546
110.141;158.224;830.191;984.447;547
110.851;207.906;824.923;756.509;548
414.476;260.907;886.503;465.992;549
770.485;397.536;1045.26;809.77;550
173.365;156.31;643.09;1037.67;551
176.92;276.192;817.907;756.807;552
172.879;219.229;695.686;964.654;553
206.132;222.839;813.044;719.691;554
203.902;266.202;694.643;751.431;555
318.345;308.642;987.971;734.156;556
203.751;288.951;838.181;991.305;557
150.158;223.196;816.915;437.894;558
176.728;420.879;644.044;626.858;559
128.223;325.008;722.461;829.295;560
187.593;146.875;735.346;1043.42;561
156.109;188.941;638.012;825.616;562
184.454;198.346;685.062;388.799;563
474.85;220.739;878.194;431.2;564
224.847;251.054;699.384;674.543;565
196.75;127.955;779.081;508.314;566
162.448;260.473;720.676;415.708;567
147.369;204.309;734.814;921.178;568
142.803;176.293;675.139;738.484;569
199.337;303.729;739.62;999.262;570
95.3505;99.8753;505.813;776.517;571
172.203;259.67;908.291;678.211;572
124.182;87.5363;717.542;1010.41;573
172.662;111.651;650.043;842.342;574
236.858;179.557;719.536;799.898;575
123.898;144.907;505.77;1087.44;576
253.313;311.488;785.893;781.345;577
308.982;323.485;534.151;384.096;578
221.196;326.769;493.55;641.731;579
196.328;286.858;529.22;949.714;580
110.84;206.468;646.004;659.697;581
255.199;320.994;608.849;561.987;582
312.057;240.641;617.808;482.615;583
70.0364;125.235;497.105;565.86;584
217.99;265.218;753.68;625.058;585
58.6704;153.315;668.409;757.705;586
166.908;281.475;573.548;288.315;587
149.351;215.657;567.734;675.54;588
289.289;324.409;635.4;648.148;589
194.376;90.1103;587.632;713.894;590
208.426;131.489;678.819;702.118;591
255.773;378.443;694.025;468.866;592
186.475;150.675;605.247;1046.45;593
195.686;174.335;525.446;424.945;594
145.375;212.974;576.151;675.798;595
188.082;276.834;624.489;744.538;596
155.271;292.566;740.35;589.232;597
416.396;306.055;605.141;377.691;598
233.541;169.799;540.577;372.318;599
195.408;106.379;568.4;646.34;600
140.803;177.787;652.7;627.275;601
152.366;134.94;473.011;769.759;602
89.4009;85.5837;490.73;661.967;603
150.339;116.033;532.883;570.818;604
191.125;216.394;609.284;407.848;605
156.771;182.121;589.614;541.928;606
144.639;196.446;540.168;1049.29;607
185.227;110.161;608.122;439.906;608
174.842;54.5138;480.985;552.387;609
104.656;105.442;562.162;556.748;610
120.366;227.444;507.182;773.962;611
263.664;180.746;591.485;372.527;612
122.994;163.184;609.187;506.393;613
64.9283;120.123;524.199;574.498;614
124.235;217.358;404.554;451.599;615
245.029;225.452;595.267;340.279;616
248.201;242.885;658.597;527.321;617
226.265;86.396;596.459;641.897;618
155.991;155.89;541.072;599.847;619
129.171;178.11;701.346;493.508;620
169.554;86.4729;513.9;701.718;621
57.5509;137.792;1522.61;534.063;622
90.3279;145.595;616.686;420.713;623
87.048;105.216;513.721;576.64;624
129.044;128.99;439.922;516.847;625
108.767;110.721;365.975;606.698;626
130.802;125.282;508.984;581.759;627
190.145;254.805;535.101;381.036;628
65.6442;144.437;746.669;547.504;629
106.005;164.63;507.185;470.882;630
84.7874;126.141;435.03;648.777;631
290.118;159.402;633.662;438.792;632
187.811;168.74;434.421;490.154;633
54.7027;115.232;436.14;771.152;634
69.9141;100.495;496.216;513.77;635
164.043;122.429;418.945;642.042;636
155.543;161.998;596.595;464.231;637
149.301;139.91;637.739;624.573;638
123.464;158.869;480.895;338.158;639
148.754;189.853;548.578;529.747;640
119.952;99.3086;413.672;622.513;641
149.765;136.698;614.371;673.245;642
95.2282;119.906;502.492;682.636;643
78.4741;108.275;369.582;606.491;644
264.733;204.235;545.839;399.785;645
94.4203;234.032;509.215;504.095;646
75.1204;114.778;355.402;729.69;647
135.62;178.988;391.91;581.655;648
161.882;343.368;430.348;553.743;649
83.5946;236.042;568.802;422.614;650
75.3614;185.935;578.373;451.943;651
119.402;184.579;428.44;494.533;652
104.684;85.7036;417.166;508.345;653
104.833;105.228;492.283;235.619;654
109.99;195.361;531.33;420.586;655
133.192;178.289;322.707;476.573;656
59.891;157.796;427.221;468.359;657
90.3816;59.9758;416.799;621.682;658
55.6367;130.399;440.887;385.663;659
76.4935;91.3174;1031.92;400.774;660
119.914;135.549;449.342;435.11;661
35.4525;161.684;445.447;569.045;662
115.285;130.843;440.129;401.609;663
149.106;166.938;475.45;460.408;664
116.555;68.2164;425.767;304.761;665
139.686;114.213;363.73;620.05;666
75.3086;175.155;295.981;510.691;667
105.235;89.367;364.505;209.782;668
103.251;111.121;331.595;453.071;669
64.5219;94.038;318.196;461.257;670
134.916;178.63;353.052;328.31;671
83.4953;84.6866;329.957;369.979;672
50.482;186.386;358.201;438.418;673
30.4527;105.825;350.848;232.959;674
213.845;275.051;290.255;152.801;675
60.2081;65.0244;294.194;422.596;676
150.784;150.478;295.464;265.686;677
44.4931;49.4294;181.29;415.954;678
90.6191;74.3042;269.376;122.829;679
21.1651;58.2761;200.139;159.505;680
163.725;94.4077;329.065;84.767;681
39.6574;99.0797;237.976;119.155;682
